db_name,full_path,age
fgnet,images/076A12.JPG,12
fgnet,images/017A17.JPG,17
fgnet,images/002A07.JPG,7
fgnet,images/072A25.JPG,25
fgnet,images/007A45.JPG,45
fgnet,images/065A13.JPG,13
fgnet,images/010A09.JPG,9
fgnet,images/080A01.JPG,1
fgnet,images/002A38.JPG,38
fgnet,images/061A04.JPG,4
fgnet,images/014A40.JPG,40
fgnet,images/005A49.JPG,49
fgnet,images/033A25.JPG,25
fgnet,images/082A16.JPG,16
fgnet,images/022A25.JPG,25
fgnet,images/027A41.JPG,41
fgnet,images/022A30.JPG,30
fgnet,images/031A07.JPG,7
fgnet,images/001A19.JPG,19
fgnet,images/078A00.JPG,0
fgnet,images/055A04.JPG,4
fgnet,images/001A33.JPG,33
fgnet,images/052A16.JPG,16
fgnet,images/034A35.JPG,35
fgnet,images/075A00.JPG,0
fgnet,images/016A04.JPG,4
fgnet,images/034A21.JPG,21
fgnet,images/050A14.JPG,14
fgnet,images/023A03.JPG,3
fgnet,images/080A04.JPG,4
fgnet,images/012A32.JPG,32
fgnet,images/034A04.JPG,4
fgnet,images/036A05.JPG,5
fgnet,images/061A18.JPG,18
fgnet,images/042A12.JPG,12
fgnet,images/082A25.JPG,25
fgnet,images/021A16.JPG,16
fgnet,images/078A14.JPG,14
fgnet,images/067A23.JPG,23
fgnet,images/002A12.JPG,12
fgnet,images/077A13.JPG,13
fgnet,images/076A06.JPG,6
fgnet,images/032A24.JPG,24
fgnet,images/039A05.JPG,5
fgnet,images/012A24.JPG,24
fgnet,images/039A11.JPG,11
fgnet,images/062A38.JPG,38
fgnet,images/035A03.JPG,3
fgnet,images/080A07.JPG,7
fgnet,images/060A06.JPG,6
fgnet,images/034A30.JPG,30
fgnet,images/043A00.JPG,0
fgnet,images/042A01.JPG,1
fgnet,images/061A10.JPG,10
fgnet,images/043A03.JPG,3
fgnet,images/053A13.JPG,13
fgnet,images/059A02a.JPG,2
fgnet,images/063A08.JPG,8
fgnet,images/054A06.JPG,6
fgnet,images/002A36.JPG,36
fgnet,images/064A04.JPG,4
fgnet,images/044A21.JPG,21
fgnet,images/046A18.JPG,18
fgnet,images/007A01.JPG,1
fgnet,images/017A26.JPG,26
fgnet,images/076A16.JPG,16
fgnet,images/021A03.JPG,3
fgnet,images/062A18.JPG,18
fgnet,images/026A18.JPG,18
fgnet,images/003A49.JPG,49
fgnet,images/002A05.JPG,5
fgnet,images/016A01.JPG,1
fgnet,images/036A15.JPG,15
fgnet,images/024A23.JPG,23
fgnet,images/074A08.JPG,8
fgnet,images/009A01.JPG,1
fgnet,images/018A22.JPG,22
fgnet,images/031A16.JPG,16
fgnet,images/066A02a.JPG,2
fgnet,images/082A27.JPG,27
fgnet,images/046A08.JPG,8
fgnet,images/044A05.JPG,5
fgnet,images/070A07.JPG,7
fgnet,images/039A16.JPG,16
fgnet,images/036A00.JPG,0
fgnet,images/010A10.JPG,10
fgnet,images/051A14.JPG,14
fgnet,images/063A22.JPG,22
fgnet,images/052A07.JPG,7
fgnet,images/030A20.JPG,20
fgnet,images/001A10.JPG,10
fgnet,images/053A15.JPG,15
fgnet,images/009A03.JPG,3
fgnet,images/065A03b.JPG,3
fgnet,images/076A09.JPG,9
fgnet,images/033A14.JPG,14
fgnet,images/015A14.JPG,14
fgnet,images/034A11.JPG,11
fgnet,images/030A10.JPG,10
fgnet,images/078A04.JPG,4
fgnet,images/066A07.JPG,7
fgnet,images/077A02.JPG,2
fgnet,images/051A00.JPG,0
fgnet,images/042A14.JPG,14
fgnet,images/021A35.JPG,35
fgnet,images/014A18.JPG,18
fgnet,images/046A17.JPG,17
fgnet,images/035A07.JPG,7
fgnet,images/054A04.JPG,4
fgnet,images/082A22.JPG,22
fgnet,images/060A19.JPG,19
fgnet,images/031A19.JPG,19
fgnet,images/066A02b.JPG,2
fgnet,images/071A40.JPG,40
fgnet,images/065A02a.JPG,2
fgnet,images/040A16.JPG,16
fgnet,images/056A15.JPG,15
fgnet,images/001A16.JPG,16
fgnet,images/003A47.JPG,47
fgnet,images/043A10.JPG,10
fgnet,images/015A09.JPG,9
fgnet,images/016A14.JPG,14
fgnet,images/019A07.JPG,7
fgnet,images/030A05.JPG,5
fgnet,images/040A00.JPG,0
fgnet,images/063A33.JPG,33
fgnet,images/016A16.JPG,16
fgnet,images/054A12.JPG,12
fgnet,images/037A00.JPG,0
fgnet,images/016A19.JPG,19
fgnet,images/040A02.JPG,2
fgnet,images/014A12.JPG,12
fgnet,images/058A06.JPG,6
fgnet,images/033A30.JPG,30
fgnet,images/074A03.JPG,3
fgnet,images/032A35.JPG,35
fgnet,images/041A09.JPG,9
fgnet,images/016A08.JPG,8
fgnet,images/020A30.JPG,30
fgnet,images/065A04.JPG,4
fgnet,images/008A08.JPG,8
fgnet,images/025A18.JPG,18
fgnet,images/082A23.JPG,23
fgnet,images/031A02.JPG,2
fgnet,images/048A30.JPG,30
fgnet,images/077A15.JPG,15
fgnet,images/035A00.JPG,0
fgnet,images/011A30.JPG,30
fgnet,images/029A04.JPG,4
fgnet,images/047A45.JPG,45
fgnet,images/054A10.JPG,10
fgnet,images/078A05.JPG,5
fgnet,images/018A25.JPG,25
fgnet,images/027A16.JPG,16
fgnet,images/079A11.JPG,11
fgnet,images/066A08.JPG,8
fgnet,images/065A07a.JPG,7
fgnet,images/013A16.JPG,16
fgnet,images/027A02.JPG,2
fgnet,images/078A06.JPG,6
fgnet,images/075A02.JPG,2
fgnet,images/003A20.JPG,20
fgnet,images/079A03.JPG,3
fgnet,images/059A14.JPG,14
fgnet,images/017A22.JPG,22
fgnet,images/080A10.JPG,10
fgnet,images/015A07.JPG,7
fgnet,images/057A23.JPG,23
fgnet,images/031A11.JPG,11
fgnet,images/011A13.JPG,13
fgnet,images/069A04.JPG,4
fgnet,images/061A07.JPG,7
fgnet,images/043A13.JPG,13
fgnet,images/003A35.JPG,35
fgnet,images/050A10.JPG,10
fgnet,images/002A20.JPG,20
fgnet,images/057A12.JPG,12
fgnet,images/046A00.JPG,0
fgnet,images/033A02.JPG,2
fgnet,images/030A16.JPG,16
fgnet,images/063A00.JPG,0
fgnet,images/060A07.JPG,7
fgnet,images/006A40.JPG,40
fgnet,images/068A10b.JPG,10
fgnet,images/016A12.JPG,12
fgnet,images/062A41.JPG,41
fgnet,images/012A27.JPG,27
fgnet,images/018A33.JPG,33
fgnet,images/019A18.JPG,18
fgnet,images/022A23.JPG,23
fgnet,images/056A04.JPG,4
fgnet,images/073A12.JPG,12
fgnet,images/002A26.JPG,26
fgnet,images/038A00.JPG,0
fgnet,images/043A19.JPG,19
fgnet,images/013A23.JPG,23
fgnet,images/074A15.JPG,15
fgnet,images/031A03.JPG,3
fgnet,images/023A22.JPG,22
fgnet,images/038A34.JPG,34
fgnet,images/049A15.JPG,15
fgnet,images/073A02.JPG,2
fgnet,images/053A00.JPG,0
fgnet,images/019A27.JPG,27
fgnet,images/073A01.JPG,1
fgnet,images/057A00.JPG,0
fgnet,images/073A08.JPG,8
fgnet,images/026A02.JPG,2
fgnet,images/045A18.JPG,18
fgnet,images/004A40.JPG,40
fgnet,images/036A01.JPG,1
fgnet,images/011A11.JPG,11
fgnet,images/069A13.JPG,13
fgnet,images/029A20.JPG,20
fgnet,images/061A19.JPG,19
fgnet,images/077A14.JPG,14
fgnet,images/001A22.JPG,22
fgnet,images/013A08.JPG,8
fgnet,images/031A14.JPG,14
fgnet,images/056A02.JPG,2
fgnet,images/019A23.JPG,23
fgnet,images/042A28.JPG,28
fgnet,images/004A51.JPG,51
fgnet,images/012A07.JPG,7
fgnet,images/035A01.JPG,1
fgnet,images/076A11.JPG,11
fgnet,images/024A10.JPG,10
fgnet,images/017A05.JPG,5
fgnet,images/005A30.JPG,30
fgnet,images/006A28.JPG,28
fgnet,images/078A12.JPG,12
fgnet,images/022A11.JPG,11
fgnet,images/075A06.JPG,6
fgnet,images/080A06.JPG,6
fgnet,images/001A40.JPG,40
fgnet,images/036A19.JPG,19
fgnet,images/072A17.JPG,17
fgnet,images/025A22.JPG,22
fgnet,images/017A12.JPG,12
fgnet,images/027A13.JPG,13
fgnet,images/023A14.JPG,14
fgnet,images/061A06.JPG,6
fgnet,images/020A13.JPG,13
fgnet,images/014A30.JPG,30
fgnet,images/029A16.JPG,16
fgnet,images/036A13.JPG,13
fgnet,images/053A02.JPG,2
fgnet,images/005A45.JPG,45
fgnet,images/076A14.JPG,14
fgnet,images/075A03.JPG,3
fgnet,images/047A05.JPG,5
fgnet,images/029A29.JPG,29
fgnet,images/072A11.JPG,11
fgnet,images/072A19.JPG,19
fgnet,images/023A05.JPG,5
fgnet,images/056A10.JPG,10
fgnet,images/052A13.JPG,13
fgnet,images/051A18.JPG,18
fgnet,images/040A03b.JPG,3
fgnet,images/018A29.JPG,29
fgnet,images/058A03.JPG,3
fgnet,images/006A24.JPG,24
fgnet,images/019A12.JPG,12
fgnet,images/058A05.JPG,5
fgnet,images/035A09.JPG,9
fgnet,images/062A16.JPG,16
fgnet,images/037A18.JPG,18
fgnet,images/023A18.JPG,18
fgnet,images/031A15.JPG,15
fgnet,images/034A13.JPG,13
fgnet,images/074A14.JPG,14
fgnet,images/070A00.JPG,0
fgnet,images/054A13.JPG,13
fgnet,images/036A17.JPG,17
fgnet,images/047A33.JPG,33
fgnet,images/053A08.JPG,8
fgnet,images/058A00.JPG,0
fgnet,images/021A23.JPG,23
fgnet,images/020A04.JPG,4
fgnet,images/073A07.JPG,7
fgnet,images/012A12.JPG,12
fgnet,images/002A15.JPG,15
fgnet,images/004A37.JPG,37
fgnet,images/045A06.JPG,6
fgnet,images/072A02.JPG,2
fgnet,images/073A03.JPG,3
fgnet,images/056A01.JPG,1
fgnet,images/042A08.JPG,8
fgnet,images/009A05.JPG,5
fgnet,images/003A38.JPG,38
fgnet,images/012A14.JPG,14
fgnet,images/043A05.JPG,5
fgnet,images/023A07.JPG,7
fgnet,images/055A05.JPG,5
fgnet,images/048A10.JPG,10
fgnet,images/020A20.JPG,20
fgnet,images/029A11.JPG,11
fgnet,images/076A05.JPG,5
fgnet,images/016A17.JPG,17
fgnet,images/046A14.JPG,14
fgnet,images/044A17.JPG,17
fgnet,images/067A33.JPG,33
fgnet,images/008A33.JPG,33
fgnet,images/009A11.JPG,11
fgnet,images/052A20.JPG,20
fgnet,images/047A27.JPG,27
fgnet,images/074A04.JPG,4
fgnet,images/063A09.JPG,9
fgnet,images/023A21.JPG,21
fgnet,images/023A09.JPG,9
fgnet,images/043A27.JPG,27
fgnet,images/009A22a.JPG,22
fgnet,images/028A26.JPG,26
fgnet,images/077A09.JPG,9
fgnet,images/013A00.JPG,0
fgnet,images/024A07.JPG,7
fgnet,images/038A11.JPG,11
fgnet,images/028A28.JPG,28
fgnet,images/037A17.JPG,17
fgnet,images/033A44.JPG,44
fgnet,images/028A34.JPG,34
fgnet,images/030A23.JPG,23
fgnet,images/004A26.JPG,26
fgnet,images/061A17.JPG,17
fgnet,images/058A13.JPG,13
fgnet,images/026A15.JPG,15
fgnet,images/057A18.JPG,18
fgnet,images/010A18.JPG,18
fgnet,images/034A39.JPG,39
fgnet,images/076A02.JPG,2
fgnet,images/039A17.JPG,17
fgnet,images/013A44.JPG,44
fgnet,images/033A18.JPG,18
fgnet,images/022A28.JPG,28
fgnet,images/082A00.JPG,0
fgnet,images/062A54.JPG,54
fgnet,images/005A48.JPG,48
fgnet,images/010A07b.JPG,7
fgnet,images/070A01.JPG,1
fgnet,images/057A17.JPG,17
fgnet,images/080A03.JPG,3
fgnet,images/063A25.JPG,25
fgnet,images/020A16.JPG,16
fgnet,images/067A17.JPG,17
fgnet,images/046A06.JPG,6
fgnet,images/015A10.JPG,10
fgnet,images/054A18.JPG,18
fgnet,images/013A18.JPG,18
fgnet,images/006A42.JPG,42
fgnet,images/047A18.JPG,18
fgnet,images/023A16.JPG,16
fgnet,images/037A06.JPG,6
fgnet,images/029A23.JPG,23
fgnet,images/070A09.JPG,9
fgnet,images/082A31.JPG,31
fgnet,images/049A08.JPG,8
fgnet,images/057A25.JPG,25
fgnet,images/042A10.JPG,10
fgnet,images/001A18.JPG,18
fgnet,images/058A01.JPG,1
fgnet,images/001A08.JPG,8
fgnet,images/018A34.JPG,34
fgnet,images/055A08.JPG,8
fgnet,images/039A10.JPG,10
fgnet,images/040A03a.JPG,3
fgnet,images/042A18.JPG,18
fgnet,images/039A13.JPG,13
fgnet,images/048A15.JPG,15
fgnet,images/080A09.JPG,9
fgnet,images/027A18.JPG,18
fgnet,images/004A28.JPG,28
fgnet,images/069A00.JPG,0
fgnet,images/048A52.JPG,52
fgnet,images/081A07.JPG,7
fgnet,images/010A05.JPG,5
fgnet,images/008A21.JPG,21
fgnet,images/030A04.JPG,4
fgnet,images/066A10.JPG,10
fgnet,images/049A07.JPG,7
fgnet,images/018A36.JPG,36
fgnet,images/065A06b.JPG,6
fgnet,images/015A00.JPG,0
fgnet,images/073A00.JPG,0
fgnet,images/037A08.JPG,8
fgnet,images/060A20.JPG,20
fgnet,images/081A04.JPG,4
fgnet,images/023A29.JPG,29
fgnet,images/061A25.JPG,25
fgnet,images/031A09.JPG,9
fgnet,images/025A07.JPG,7
fgnet,images/027A11.JPG,11
fgnet,images/037A04.JPG,4
fgnet,images/054A17.JPG,17
fgnet,images/034A15.JPG,15
fgnet,images/004A19.JPG,19
fgnet,images/068A10a.JPG,10
fgnet,images/051A24.JPG,24
fgnet,images/075A08.JPG,8
fgnet,images/045A25.JPG,25
fgnet,images/032A06.JPG,6
fgnet,images/048A11.JPG,11
fgnet,images/060A10.JPG,10
fgnet,images/051A12.JPG,12
fgnet,images/017A19.JPG,19
fgnet,images/050A06.JPG,6
fgnet,images/048A09.JPG,9
fgnet,images/041A19.JPG,19
fgnet,images/049A17.JPG,17
fgnet,images/071A44.JPG,44
fgnet,images/046A02.JPG,2
fgnet,images/011A40.JPG,40
fgnet,images/068A11.JPG,11
fgnet,images/071A42.JPG,42
fgnet,images/049A10.JPG,10
fgnet,images/003A51.JPG,51
fgnet,images/047A06.JPG,6
fgnet,images/052A14.JPG,14
fgnet,images/029A05.JPG,5
fgnet,images/019A03.JPG,3
fgnet,images/044A03.JPG,3
fgnet,images/032A40.JPG,40
fgnet,images/032A20.JPG,20
fgnet,images/011A20.JPG,20
fgnet,images/066A00.JPG,0
fgnet,images/010A15.JPG,15
fgnet,images/008A41.JPG,41
fgnet,images/058A02.JPG,2
fgnet,images/028A35.JPG,35
fgnet,images/005A52.JPG,52
fgnet,images/076A13.JPG,13
fgnet,images/022A16.JPG,16
fgnet,images/045A32.JPG,32
fgnet,images/017A42.JPG,42
fgnet,images/021A05.JPG,5
fgnet,images/012A26.JPG,26
fgnet,images/025A03.JPG,3
fgnet,images/037A19.JPG,19
fgnet,images/041A21.JPG,21
fgnet,images/047A23.JPG,23
fgnet,images/015A15.JPG,15
fgnet,images/010A07a.JPG,7
fgnet,images/074A01.JPG,1
fgnet,images/070A05.JPG,5
fgnet,images/036A18.JPG,18
fgnet,images/032A10.JPG,10
fgnet,images/002A03.JPG,3
fgnet,images/013A41.JPG,41
fgnet,images/060A04.JPG,4
fgnet,images/010A06.JPG,6
fgnet,images/072A21.JPG,21
fgnet,images/050A16.JPG,16
fgnet,images/050A00.JPG,0
fgnet,images/079A00.JPG,0
fgnet,images/056A12.JPG,12
fgnet,images/059A03.JPG,3
fgnet,images/070A12.JPG,12
fgnet,images/073A13.JPG,13
fgnet,images/048A16.JPG,16
fgnet,images/011A34.JPG,34
fgnet,images/047A20.JPG,20
fgnet,images/036A03.JPG,3
fgnet,images/062A15.JPG,15
fgnet,images/022A14.JPG,14
fgnet,images/035A12.JPG,12
fgnet,images/077A10.JPG,10
fgnet,images/029A10.JPG,10
fgnet,images/039A52.JPG,52
fgnet,images/025A00.JPG,0
fgnet,images/033A05.JPG,5
fgnet,images/052A10.JPG,10
fgnet,images/053A18.JPG,18
fgnet,images/014A22.JPG,22
fgnet,images/073A11.JPG,11
fgnet,images/025A34.JPG,34
fgnet,images/074A13.JPG,13
fgnet,images/017A29.JPG,29
fgnet,images/035A16.JPG,16
fgnet,images/016A03.JPG,3
fgnet,images/031A06.JPG,6
fgnet,images/055A06.JPG,6
fgnet,images/034A18.JPG,18
fgnet,images/072A13.JPG,13
fgnet,images/001A05.JPG,5
fgnet,images/027A36.JPG,36
fgnet,images/043A17.JPG,17
fgnet,images/053A11.JPG,11
fgnet,images/057A06.JPG,6
fgnet,images/082A20.JPG,20
fgnet,images/078A08.JPG,8
fgnet,images/053A12.JPG,12
fgnet,images/021A18.JPG,18
fgnet,images/079A05.JPG,5
fgnet,images/015A04.JPG,4
fgnet,images/020A24.JPG,24
fgnet,images/045A12.JPG,12
fgnet,images/011A42.JPG,42
fgnet,images/054A09.JPG,9
fgnet,images/002A04.JPG,4
fgnet,images/032A08.JPG,8
fgnet,images/053A10.JPG,10
fgnet,images/029A31.JPG,31
fgnet,images/024A30.JPG,30
fgnet,images/077A03.JPG,3
fgnet,images/078A15.JPG,15
fgnet,images/043A04.JPG,4
fgnet,images/041A20.JPG,20
fgnet,images/074A05.JPG,5
fgnet,images/007A37.JPG,37
fgnet,images/009A16a.JPG,16
fgnet,images/034A02.JPG,2
fgnet,images/038A04.JPG,4
fgnet,images/051A02.JPG,2
fgnet,images/064A15.JPG,15
fgnet,images/041A06.JPG,6
fgnet,images/079A12.JPG,12
fgnet,images/056A06.JPG,6
fgnet,images/065A09.JPG,9
fgnet,images/058A15.JPG,15
fgnet,images/001A43a.JPG,43
fgnet,images/061A29.JPG,29
fgnet,images/078A09.JPG,9
fgnet,images/024A19.JPG,19
fgnet,images/048A18.JPG,18
fgnet,images/080A00.JPG,0
fgnet,images/049A05.JPG,5
fgnet,images/074A02.JPG,2
fgnet,images/078A07.JPG,7
fgnet,images/017A32.JPG,32
fgnet,images/066A11.JPG,11
fgnet,images/015A01.JPG,1
fgnet,images/053A01.JPG,1
fgnet,images/079A04.JPG,4
fgnet,images/004A53.JPG,53
fgnet,images/071A18.JPG,18
fgnet,images/069A06.JPG,6
fgnet,images/044A15.JPG,15
fgnet,images/063A02.JPG,2
fgnet,images/049A12.JPG,12
fgnet,images/021A30.JPG,30
fgnet,images/035A23a.JPG,23
fgnet,images/010A12.JPG,12
fgnet,images/011A17.JPG,17
fgnet,images/026A11.JPG,11
fgnet,images/065A06a.JPG,6
fgnet,images/076A01.JPG,1
fgnet,images/057A05.JPG,5
fgnet,images/076A07.JPG,7
fgnet,images/011A02.JPG,2
fgnet,images/082A21.JPG,21
fgnet,images/067A21.JPG,21
fgnet,images/071A45.JPG,45
fgnet,images/072A14.JPG,14
fgnet,images/025A28.JPG,28
fgnet,images/012A30.JPG,30
fgnet,images/077A11.JPG,11
fgnet,images/076A17.JPG,17
fgnet,images/053A04.JPG,4
fgnet,images/025A39.JPG,39
fgnet,images/005A18.JPG,18
fgnet,images/039A35.JPG,35
fgnet,images/065A03a.JPG,3
